{"cameraMode":{"drawMode":0,"name":"Shaded","section":"Shading Mode"},"sceneLighting":true,"audioPlay":false,"sceneViewState":{"showFog":true,"showMaterialUpdate":true,"showSkybox":true,"showFlares":true,"showImageEffects":true,"showParticleSystems":true,"showVisualEffectGraphs":true,"m_FxEnabled":false},"in2DMode":false,"pivot":{"x":0.16452521085739137,"y":-12.452709197998047,"z":6.157539367675781},"rotation":{"x":-0.46777552366256716,"y":-0.16882070899009705,"z":0.09150375425815582,"w":-0.8627801537513733},"size":12.12435531616211,"orthographic":false}