{"cameraMode":{"drawMode":0,"name":"Shaded","section":"Shading Mode"},"sceneLighting":false,"audioPlay":false,"sceneViewState":{"showFog":true,"showMaterialUpdate":true,"showSkybox":false,"showFlares":true,"showImageEffects":true,"showParticleSystems":true,"showVisualEffectGraphs":true,"m_FxEnabled":false},"in2DMode":false,"pivot":{"x":0.3610000014305115,"y":2.1144800186157228,"z":1.7777609825134278},"rotation":{"x":0.14631563425064088,"y":0.7063197493553162,"z":-0.15301726758480073,"w":0.6756146550178528},"size":0.42553848028182986,"orthographic":false}